{"Original Crossing": 552.0, "Original WeightedCrossing": 4168.800000000001, "Stage 1 Ordering": [[1, 5, 2, 3, 4], [9, 1, 8, 11, 13, 7, 4, 12, 10, 6, 3, 17, 16, 15, 14, 5, 2], [28, 23, 26, 22, 27, 24, 25, 29, 21, 2, 6, 11, 14, 16, 15, 9, 7, 18, 1, 13, 17, 8, 10, 12, 5, 3, 4, 20, 19], [4, 3, 1, 2]], "Stage 1 WeightedCrossing": 415.8399999999998, "Stage 1 Crossing": 170.0, "Stage 2 Ordering": [[1, 5, 2, 3, 4], [1, 9, 8, 11, 13, 7, 4, 12, 10, 3, 6, 17, 16, 15, 14, 2, 5], [26, 28, 27, 29, 23, 22, 24, 25, 21, 6, 11, 14, 16, 18, 2, 15, 1, 7, 10, 17, 8, 13, 12, 9, 5, 4, 3, 19, 20], [4, 3, 1, 2]], "Stage 2 WeightedCrossing": 267.78999999999996, "Stage 2 Crossing": 126.0, "minAchievedIteration": 35}