{"Stage 1 Ordering": [[1, 5, 2, 3, 4], [11, 1, 8, 9, 7, 13, 4, 12, 10, 3, 6, 17, 16, 14, 15, 5, 2], [26, 24, 27, 22, 28, 23, 21, 29, 25, 6, 16, 1, 2, 14, 11, 18, 15, 17, 8, 10, 7, 9, 13, 12, 3, 5, 4, 20, 19], [4, 3, 1, 2]], "Stage 1 WeightedCrossing": 331.13000000000005, "Stage 1 Crossing": 143.0, "Stage 2 Ordering": [[1, 5, 2, 3, 4], [1, 11, 8, 9, 7, 13, 4, 12, 10, 3, 6, 17, 16, 14, 15, 5, 2], [26, 27, 28, 24, 29, 22, 23, 21, 25, 6, 11, 16, 2, 18, 14, 1, 15, 7, 17, 10, 8, 13, 9, 12, 5, 3, 4, 20, 19], [4, 3, 1, 2]], "Stage 2 WeightedCrossing": 269.2099999999999, "Stage 2 Crossing": 127.0, "minAchievedIteration": 0}